{
	"partitions" : [
		{
			"name" : "Top",
			"pins" : [
				{
					"name" : "led0",
					"strict" : false
				},
				{
					"name" : "led1",
					"strict" : false
				},
				{
					"name" : "led2",
					"strict" : false
				},
				{
					"name" : "led3",
					"strict" : false
				},
				{
					"name" : "led4",
					"strict" : false
				},
				{
					"name" : "led5",
					"strict" : false
				},
				{
					"name" : "led6",
					"strict" : false
				},
				{
					"name" : "led7",
					"strict" : false
				},
				{
					"name" : "LSBseg1[0]",
					"strict" : false
				},
				{
					"name" : "LSBseg1[1]",
					"strict" : false
				},
				{
					"name" : "LSBseg1[2]",
					"strict" : false
				},
				{
					"name" : "LSBseg1[3]",
					"strict" : false
				},
				{
					"name" : "LSBseg1[4]",
					"strict" : false
				},
				{
					"name" : "LSBseg1[5]",
					"strict" : false
				},
				{
					"name" : "LSBseg1[6]",
					"strict" : false
				},
				{
					"name" : "LSBseg2[0]",
					"strict" : false
				},
				{
					"name" : "LSBseg2[1]",
					"strict" : false
				},
				{
					"name" : "LSBseg2[4]",
					"strict" : false
				},
				{
					"name" : "LSBseg2[5]",
					"strict" : false
				},
				{
					"name" : "LSBseg2[6]",
					"strict" : false
				},
				{
					"name" : "MSBseg3[0]",
					"strict" : false
				},
				{
					"name" : "MSBseg3[1]",
					"strict" : false
				},
				{
					"name" : "MSBseg3[2]",
					"strict" : false
				},
				{
					"name" : "MSBseg3[3]",
					"strict" : false
				},
				{
					"name" : "MSBseg3[6]",
					"strict" : false
				},
				{
					"name" : "MSBseg4[1]",
					"strict" : false
				},
				{
					"name" : "MSBseg4[2]",
					"strict" : false
				},
				{
					"name" : "MSBseg4[3]",
					"strict" : false
				},
				{
					"name" : "MSBseg4[4]",
					"strict" : false
				},
				{
					"name" : "MSBseg4[6]",
					"strict" : false
				},
				{
					"name" : "LSBseg3[0]",
					"strict" : false
				},
				{
					"name" : "LSBseg3[1]",
					"strict" : false
				},
				{
					"name" : "LSBseg3[6]",
					"strict" : false
				},
				{
					"name" : "LSBseg4[1]",
					"strict" : false
				},
				{
					"name" : "LSBseg4[4]",
					"strict" : false
				},
				{
					"name" : "LSBseg4[6]",
					"strict" : false
				},
				{
					"name" : "highlow",
					"strict" : false
				},
				{
					"name" : "logarith",
					"strict" : false
				},
				{
					"name" : "clk",
					"strict" : false
				},
				{
					"name" : "reset",
					"strict" : false
				}
			]
		}
	]
}